rank,feature,importance,importance_std,channel,stat,scale
1,P-JUS-CKGL|max|scale1.0,0.10848498209841775,0.001482103745232281,P-JUS-CKGL,max,1.0
2,T-TPT|presence_frac,0.06998716138010042,0.002552012123131656,T-TPT,presence_frac,
3,T-TPT|min|scale1.0,0.047514328526661535,0.0035665011960314915,T-TPT,min,1.0
4,T-TPT|max|scale1.0,0.04330272972321051,0.0011388739521938787,T-TPT,max,1.0
5,P-JUS-CKGL|slope|scale0.5,0.02819511551004774,0.0015224710315301596,P-JUS-CKGL,slope,0.5
6,P-JUS-CKGL|last_diff|scale0.25,0.021332783729169212,0.002392801975211075,P-JUS-CKGL,last_diff,0.25
7,P-JUS-CKGL|slope|scale0.25,0.020890697020726972,0.0014972900254198404,P-JUS-CKGL,slope,0.25
8,P-JUS-CKGL|slope|scale1.0,0.018725944275681326,0.0003664968876625894,P-JUS-CKGL,slope,1.0
9,P-JUS-CKGL|min|scale1.0,0.011355196731062616,0.0020096125753761335,P-JUS-CKGL,min,1.0
10,P-ANULAR|min|scale0.25,0.010353477607961454,0.00027716327672271113,P-ANULAR,min,0.25
11,P-MON-CKP|mean|scale1.0,0.009846446974256445,0.001001826555610554,P-MON-CKP,mean,1.0
12,P-MON-CKP|min|scale0.5,0.007683505254643397,0.0004363446582602977,P-MON-CKP,min,0.5
13,T-TPT|mean|scale1.0,0.007426205212326814,0.000481059140186885,T-TPT,mean,1.0
14,P-JUS-CKGL|mean|scale0.25,0.007346546095567874,0.0006321643574541756,P-JUS-CKGL,mean,0.25
15,P-ANULAR|min|scale1.0,0.0073360232317415345,0.0033582880093329416,P-ANULAR,min,1.0
16,P-JUS-CKGL|min|scale0.25,0.006850075562634772,0.0017376235206194323,P-JUS-CKGL,min,0.25
17,P-ANULAR|presence_frac,0.006619565620723128,0.0004973834064095537,P-ANULAR,presence_frac,
18,T-TPT|max|scale0.5,0.005924297976021115,0.00032197927754670503,T-TPT,max,0.5
19,T-TPT|max|scale0.25,0.005448122014200263,0.0004664278440617872,T-TPT,max,0.25
20,P-JUS-CKGL|std|scale0.25,0.005366064408265453,0.0011077320227710452,P-JUS-CKGL,std,0.25
21,P-JUS-CKGL|presence_frac,0.004635761205531763,0.0017832087282575525,P-JUS-CKGL,presence_frac,
22,T-TPT|std|scale1.0,0.0042440142126967065,0.0011198760705712846,T-TPT,std,1.0
23,P-MON-CKP|min|scale0.25,0.004237687731410244,0.0002534925083745406,P-MON-CKP,min,0.25
24,T-TPT|mean|scale0.25,0.0034367010123250606,0.0001958972901742475,T-TPT,mean,0.25
25,P-MON-CKP|min|scale1.0,0.0033562541865859775,0.0019266584592111905,P-MON-CKP,min,1.0
26,T-JUS-CKP|max|scale1.0,0.002944162883710355,0.0022531898652093964,T-JUS-CKP,max,1.0
27,T-TPT|std|scale0.5,0.002757776855042182,0.00014743549527103053,T-TPT,std,0.5
28,P-ANULAR|mean|scale0.25,0.00260519551119186,0.0002771676345015353,P-ANULAR,mean,0.25
29,P-JUS-CKGL|std|scale1.0,0.0020453516032806706,0.0023913799798177568,P-JUS-CKGL,std,1.0
30,T-TPT|min|scale0.25,0.0016267549045261732,0.0002352009369712323,T-TPT,min,0.25
31,P-MON-CKP|std|scale1.0,0.0014726220348706353,0.0005153755542363623,P-MON-CKP,std,1.0
32,P-ANULAR|mean|scale0.5,0.0013612091421147943,0.00018667476856123284,P-ANULAR,mean,0.5
33,P-ANULAR|last_diff|scale0.5,0.0012750926987729783,0.0002019103258300091,P-ANULAR,last_diff,0.5
34,P-MON-CKP|last_diff|scale1.0,0.0009531898240442815,0.00031529846881105366,P-MON-CKP,last_diff,1.0
35,P-MON-CKP|slope|scale1.0,0.0008934218705757502,0.00025309888049200943,P-MON-CKP,slope,1.0
36,P-JUS-CKGL|last_diff|scale1.0,0.0007916074526830519,0.0006191752910668164,P-JUS-CKGL,last_diff,1.0
37,P-MON-CKP|slope|scale0.25,0.0007806327905750754,0.000285150918117293,P-MON-CKP,slope,0.25
38,P-MON-CKP|mean|scale0.25,0.0007411722126636211,0.00013799447996872498,P-MON-CKP,mean,0.25
39,P-JUS-CKGL|max|scale0.25,0.000634231206065139,0.0002670303326569163,P-JUS-CKGL,max,0.25
40,P-MON-CKP|max|scale0.5,0.000603515835935986,0.0003141478246044321,P-MON-CKP,max,0.5
41,T-JUS-CKP|max|scale0.5,0.0004572342387954509,0.00013551379956966157,T-JUS-CKP,max,0.5
42,P-ANULAR|slope|scale0.5,0.00042281927307024627,0.0004716106528544063,P-ANULAR,slope,0.5
43,P-MON-CKP|mean|scale0.5,0.0004029439600282514,0.00043417644812427563,P-MON-CKP,mean,0.5
44,T-TPT|last_diff|scale0.5,0.000392084315722846,0.00010311476447992196,T-TPT,last_diff,0.5
45,P-MON-CKP|last_diff|scale0.25,0.0003184135416487044,6.073775172684062e-05,P-MON-CKP,last_diff,0.25
46,P-MON-CKP|slope|scale0.5,7.502443388165413e-05,0.0002498847785998392,P-MON-CKP,slope,0.5
47,P-JUS-CKGL|last_diff|scale0.5,6.235155268471403e-05,0.0003697502702998979,P-JUS-CKGL,last_diff,0.5
48,T-JUS-CKP|last_diff|scale1.0,5.80783282193853e-05,0.0002808643399962064,T-JUS-CKP,last_diff,1.0
49,P-MON-CKP|last_diff|scale0.5,1.8554009254523328e-05,7.793304503059105e-05,P-MON-CKP,last_diff,0.5
50,P-ANULAR|max|scale0.5,-5.791452867831004e-05,2.543835155469818e-05,P-ANULAR,max,0.5
51,P-ANULAR|last_diff|scale0.25,-0.000132360234984219,2.206190857847648e-05,P-ANULAR,last_diff,0.25
52,T-TPT|mean|scale0.5,-0.00033094857878105397,0.0001342587561665732,T-TPT,mean,0.5
53,T-JUS-CKP|mean|scale0.5,-0.00039795708552669006,0.00012125230862974327,T-JUS-CKP,mean,0.5
54,T-JUS-CKP|slope|scale0.5,-0.0004328607531858375,0.00037914271379970425,T-JUS-CKP,slope,0.5
55,T-JUS-CKP|max|scale0.25,-0.0004563653804954826,0.00016530977016865938,T-JUS-CKP,max,0.25
56,T-JUS-CKP|last_diff|scale0.25,-0.0005400154047251526,7.680109446446781e-05,T-JUS-CKP,last_diff,0.25
57,P-JUS-CKGL|max|scale0.5,-0.0008086904076346046,0.0002170101514413477,P-JUS-CKGL,max,0.5
58,P-MON-CKP|presence_frac,-0.0008645310715049426,0.0001403440784272052,P-MON-CKP,presence_frac,
59,P-MON-CKP|std|scale0.5,-0.0008775949101817837,0.00022997532965918015,P-MON-CKP,std,0.5
60,T-TPT|last_diff|scale1.0,-0.0009244681101852392,0.0007747264524182714,T-TPT,last_diff,1.0
61,T-JUS-CKP|slope|scale0.25,-0.0010176629463425457,5.5272910810277306e-05,T-JUS-CKP,slope,0.25
62,P-JUS-CKGL|min|scale0.5,-0.0010928149872005966,0.0002549731172216279,P-JUS-CKGL,min,0.5
63,P-ANULAR|min|scale0.5,-0.0011888131056934815,0.0002166211977124811,P-ANULAR,min,0.5
64,P-MON-CKP|max|scale0.25,-0.0012501316160396015,0.0005019741424163118,P-MON-CKP,max,0.25
65,P-ANULAR|slope|scale0.25,-0.0014426202821244127,0.0001512816105633191,P-ANULAR,slope,0.25
66,P-ANULAR|max|scale0.25,-0.00159667200706749,0.0001875428355842779,P-ANULAR,max,0.25
67,T-JUS-CKP|mean|scale0.25,-0.0016125838607915055,8.745797031352277e-05,T-JUS-CKP,mean,0.25
68,T-JUS-CKP|std|scale0.25,-0.0016859735759036376,0.00075067100288667,T-JUS-CKP,std,0.25
69,T-TPT|std|scale0.25,-0.001952090791383082,0.0003451041650093059,T-TPT,std,0.25
70,T-TPT|slope|scale0.25,-0.002368717036751705,0.0006005295111903665,T-TPT,slope,0.25
71,T-TPT|min|scale0.5,-0.0027009738500726075,0.0003970051868332748,T-TPT,min,0.5
72,P-JUS-CKGL|mean|scale0.5,-0.0029970080978963753,0.0002722750231182638,P-JUS-CKGL,mean,0.5
73,T-TPT|slope|scale1.0,-0.0034134153053159088,0.001240241109604291,T-TPT,slope,1.0
74,T-JUS-CKP|std|scale0.5,-0.0035991548296543663,0.0005679691433316504,T-JUS-CKP,std,0.5
75,T-JUS-CKP|mean|scale1.0,-0.003955417545675055,0.0006209563816874716,T-JUS-CKP,mean,1.0
76,P-ANULAR|max|scale1.0,-0.004215068843443909,0.0004491689033737252,P-ANULAR,max,1.0
77,T-JUS-CKP|slope|scale1.0,-0.00440380186250261,0.0003930123126987671,T-JUS-CKP,slope,1.0
78,T-JUS-CKP|last_diff|scale0.5,-0.004551311105942452,0.00022583801585946084,T-JUS-CKP,last_diff,0.5
79,P-JUS-CKGL|mean|scale1.0,-0.005115568920911195,0.0008117780725535507,P-JUS-CKGL,mean,1.0
80,P-JUS-CKGL|std|scale0.5,-0.005174875344801511,0.0007295112468252495,P-JUS-CKGL,std,0.5
81,T-JUS-CKP|min|scale0.5,-0.005208477387391747,0.0003456632748489864,T-JUS-CKP,min,0.5
82,P-MON-CKP|max|scale1.0,-0.0053786143376968855,0.0013205268660353596,P-MON-CKP,max,1.0
83,T-TPT|slope|scale0.5,-0.0070694801454857905,0.0002583731076983226,T-TPT,slope,0.5
84,T-JUS-CKP|min|scale0.25,-0.007413818832729258,0.0006918892680438364,T-JUS-CKP,min,0.25
85,T-JUS-CKP|min|scale1.0,-0.0083387464594247,0.0006055527196379409,T-JUS-CKP,min,1.0
86,P-ANULAR|std|scale0.25,-0.009516327644091683,0.0002280172854079926,P-ANULAR,std,0.25
87,P-MON-CKP|std|scale0.25,-0.009780997816919618,0.0011641531820504166,P-MON-CKP,std,0.25
88,T-TPT|last_diff|scale0.25,-0.010607238628099935,0.0007291206652071176,T-TPT,last_diff,0.25
89,T-JUS-CKP|presence_frac,-0.012930344990916142,0.00043277475850298457,T-JUS-CKP,presence_frac,
90,P-ANULAR|std|scale0.5,-0.014280563558048288,0.0018280472898716015,P-ANULAR,std,0.5
91,P-ANULAR|std|scale1.0,-0.018267352875536262,0.0013712676271999424,P-ANULAR,std,1.0
92,P-ANULAR|slope|scale1.0,-0.024357811386924028,0.0020792791429628554,P-ANULAR,slope,1.0
93,T-JUS-CKP|std|scale1.0,-0.02516331351841245,0.003299474193646684,T-JUS-CKP,std,1.0
94,P-ANULAR|last_diff|scale1.0,-0.05166792707179126,0.00591648472494817,P-ANULAR,last_diff,1.0
95,P-ANULAR|mean|scale1.0,-0.16752775512668103,0.006787316989549031,P-ANULAR,mean,1.0
