arm,group,fold,seed,split_seed,inner_fold,val_positive_events,val_pr_auc,val_ece,val_brier,n_features,n_nan_cells,feat_seconds,missing_policy,slope_time
A1_zero_rank,encoding,0,42,42,0,1,0.00045934772622875517,0.023626508050040733,0.016831044920788848,95,0,37.664,zero,rank
A1_zero_rank,encoding,0,43,42,0,1,0.0005327650506126798,0.022719558163144464,0.015690208258673576,95,0,37.664,zero,rank
A1_zero_rank,encoding,1,42,42,1,3,0.6857399208148641,0.048934144405210864,0.04754531003619237,95,0,37.664,zero,rank
A1_zero_rank,encoding,1,43,42,1,3,0.6883102278581669,0.04836090726700884,0.047175061377315496,95,0,37.664,zero,rank
A1_zero_rank,encoding,2,42,42,2,5,0.11502161463013932,0.05546198546404554,0.05530988378371395,95,0,37.664,zero,rank
A1_zero_rank,encoding,2,43,42,2,5,0.10691656872974312,0.055309177839902295,0.055262382599662145,95,0,37.664,zero,rank
A1_zero_rank,encoding,3,42,7,0,2,0.186082221337028,0.021926575991772917,0.019012612203980424,95,0,37.664,zero,rank
A1_zero_rank,encoding,3,43,7,0,2,0.20828728635369562,0.022783654144120917,0.020240871360967343,95,0,37.664,zero,rank
A1_zero_rank,encoding,4,42,7,1,1,0.09127986583066494,0.029510831158662685,0.01709059978649606,95,0,37.664,zero,rank
A1_zero_rank,encoding,4,43,7,1,1,0.09526706475310484,0.03399178220978648,0.02118719005544742,95,0,37.664,zero,rank
A1_zero_rank,encoding,5,42,7,2,3,0.4560662933808243,0.038275796326794176,0.03782776636804137,95,0,37.664,zero,rank
A1_zero_rank,encoding,5,43,7,2,3,0.4574495722398693,0.03809891756855778,0.03772279276340805,95,0,37.664,zero,rank
A1_zero_rank,encoding,6,42,2024,0,5,0.21216597612327392,0.06905445924664645,0.07088642753031703,95,0,37.664,zero,rank
A1_zero_rank,encoding,6,43,2024,0,5,0.21216132617104613,0.06825656078420417,0.0710395702023336,95,0,37.664,zero,rank
A1_zero_rank,encoding,7,42,2024,1,1,0.029674798514535732,0.02065323652623181,0.016698487105253706,95,0,37.664,zero,rank
A1_zero_rank,encoding,7,43,2024,1,1,0.03146583096937095,0.019946243655665448,0.01715819070779283,95,0,37.664,zero,rank
A1_zero_rank,encoding,8,42,2024,2,1,0.003875968992248062,0.00046345595965453237,0.00015891372982968036,95,0,37.664,zero,rank
A1_zero_rank,encoding,8,43,2024,2,1,0.004807692307692308,0.0005808956755840581,0.00016496710296399336,95,0,37.664,zero,rank
A2_zero_index,encoding,0,42,42,0,1,0.0005408328826392645,0.023123512847835388,0.016198570865429855,95,0,3.121,zero,index
A2_zero_index,encoding,0,43,42,0,1,0.0005167958656330749,0.022607049224199316,0.015660795519757662,95,0,3.121,zero,index
A2_zero_index,encoding,1,42,42,1,3,0.6892046167808229,0.04867775441096606,0.04732245369520047,95,0,3.121,zero,index
A2_zero_index,encoding,1,43,42,1,3,0.6897440359955288,0.04834135178565008,0.04714919752581194,95,0,3.121,zero,index
A2_zero_index,encoding,2,42,42,2,5,0.11227782096148915,0.055369675937203496,0.05527772001785592,95,0,3.121,zero,index
A2_zero_index,encoding,2,43,42,2,5,0.10354895035471343,0.055301335615172434,0.05525360833957368,95,0,3.121,zero,index
A2_zero_index,encoding,3,42,7,0,2,0.1503526408755379,0.02199496196436017,0.018892681124381826,95,0,3.121,zero,index
A2_zero_index,encoding,3,43,7,0,2,0.21234734298862923,0.023536279215779582,0.020976296905385307,95,0,3.121,zero,index
A2_zero_index,encoding,4,42,7,1,1,0.09938380947229683,0.03178849255458578,0.01875703523086598,95,0,3.121,zero,index
A2_zero_index,encoding,4,43,7,1,1,0.10886758835294223,0.034152740691490956,0.0213247605337555,95,0,3.121,zero,index
A2_zero_index,encoding,5,42,7,2,3,0.4545410361216399,0.03826546362080738,0.03775774558918002,95,0,3.121,zero,index
A2_zero_index,encoding,5,43,7,2,3,0.4538048226836847,0.03810096924644874,0.03770354275636372,95,0,3.121,zero,index
A2_zero_index,encoding,6,42,2024,0,5,0.21413769847536,0.06922123214490229,0.07084441057072655,95,0,3.121,zero,index
A2_zero_index,encoding,6,43,2024,0,5,0.21423928511542653,0.06839145904124025,0.0710313595419384,95,0,3.121,zero,index
A2_zero_index,encoding,7,42,2024,1,1,0.03178297008107927,0.019609721411216044,0.016358855373466732,95,0,3.121,zero,index
A2_zero_index,encoding,7,43,2024,1,1,0.03389177857588022,0.0197933590566896,0.016722270241799574,95,0,3.121,zero,index
A2_zero_index,encoding,8,42,2024,2,1,0.0038314176245210726,0.0004376552604184065,0.00015926740747448825,95,0,3.121,zero,index
A2_zero_index,encoding,8,43,2024,2,1,0.006211180124223602,0.0005427230239863984,0.00016356377570526888,95,0,3.121,zero,index
A3_nan_rank,encoding,0,42,42,0,1,0.0003112356053532524,0.019597821454523746,0.012870092101015333,95,1439430,3.046,nan,rank
A3_nan_rank,encoding,0,43,42,0,1,0.00025303643724696357,0.01814884636044539,0.012124285071718522,95,1439430,3.046,nan,rank
A3_nan_rank,encoding,1,42,42,1,3,0.8064881424667343,0.04826300908410505,0.04707016710507339,95,1439430,3.046,nan,rank
A3_nan_rank,encoding,1,43,42,1,3,0.8193849009340715,0.04813944195402982,0.047036736814183785,95,1439430,3.046,nan,rank
A3_nan_rank,encoding,2,42,42,2,5,0.08997512302826258,0.058472284898621434,0.057767907070068285,95,1439430,3.046,nan,rank
A3_nan_rank,encoding,2,43,42,2,5,0.08578166335086804,0.058299241525294886,0.05759955202080166,95,1439430,3.046,nan,rank
A3_nan_rank,encoding,3,42,7,0,2,0.18641030071733147,0.02249893038287515,0.021447567279206086,95,1439430,3.046,nan,rank
A3_nan_rank,encoding,3,43,7,0,2,0.1862865955286736,0.02317286648620345,0.021995749684742747,95,1439430,3.046,nan,rank
A3_nan_rank,encoding,4,42,7,1,1,0.1337664032821355,0.011249042547371,0.010685005582010737,95,1439430,3.046,nan,rank
A3_nan_rank,encoding,4,43,7,1,1,0.11668043898838357,0.010582469508526496,0.010647668247624639,95,1439430,3.046,nan,rank
A3_nan_rank,encoding,5,42,7,2,3,0.5437387312420058,0.037464934702581554,0.037044506657800444,95,1439430,3.046,nan,rank
A3_nan_rank,encoding,5,43,7,2,3,0.5434143553204119,0.0374777365336072,0.03705309320456714,95,1439430,3.046,nan,rank
A3_nan_rank,encoding,6,42,2024,0,5,0.21551939948589977,0.0759878593387231,0.07676264907107737,95,1439430,3.046,nan,rank
A3_nan_rank,encoding,6,43,2024,0,5,0.21762761158531901,0.07534039454760028,0.0760118774138957,95,1439430,3.046,nan,rank
A3_nan_rank,encoding,7,42,2024,1,1,0.012694963595826662,0.03374646476145808,0.023321157474374635,95,1439430,3.046,nan,rank
A3_nan_rank,encoding,7,43,2024,1,1,0.014086481551405437,0.03259175142184028,0.022846851290840273,95,1439430,3.046,nan,rank
A3_nan_rank,encoding,8,42,2024,2,1,0.0011074197120708748,0.001737578217904396,0.0002681548060128101,95,1439430,3.046,nan,rank
A3_nan_rank,encoding,8,43,2024,2,1,0.0012106537530266344,0.0019487204941554502,0.000289905429650886,95,1439430,3.046,nan,rank
A4_nan_index,encoding,0,42,42,0,1,0.00031279324366593683,0.020523326448123522,0.01389372448103325,95,1439430,2.238,nan,index
A4_nan_index,encoding,0,43,42,0,1,0.000273972602739726,0.019194260584845968,0.013375465202476807,95,1439430,2.238,nan,index
A4_nan_index,encoding,1,42,42,1,3,0.8054908456891683,0.04826485771278281,0.047059786800534485,95,1439430,2.238,nan,index
A4_nan_index,encoding,1,43,42,1,3,0.806469380327837,0.04806391359018097,0.04700448960060021,95,1439430,2.238,nan,index
A4_nan_index,encoding,2,42,42,2,5,0.09284260637395006,0.058439100342124614,0.05769807465292118,95,1439430,2.238,nan,index
A4_nan_index,encoding,2,43,42,2,5,0.0889209249990486,0.05811767037407164,0.057347557650020135,95,1439430,2.238,nan,index
A4_nan_index,encoding,3,42,7,0,2,0.1834086799771316,0.023021188410308237,0.02168962845478425,95,1439430,2.238,nan,index
A4_nan_index,encoding,3,43,7,0,2,0.19009885215672193,0.023694219806496393,0.022224675116598747,95,1439430,2.238,nan,index
A4_nan_index,encoding,4,42,7,1,1,0.1241741522904877,0.010732216037916676,0.01053919248323679,95,1439430,2.238,nan,index
A4_nan_index,encoding,4,43,7,1,1,0.13304140109179827,0.010060089246425104,0.010531784283757454,95,1439430,2.238,nan,index
A4_nan_index,encoding,5,42,7,2,3,0.5401247419064322,0.037629013159580706,0.03697404295339155,95,1439430,2.238,nan,index
A4_nan_index,encoding,5,43,7,2,3,0.5470173279773802,0.03729020556047988,0.03688639158697833,95,1439430,2.238,nan,index
A4_nan_index,encoding,6,42,2024,0,5,0.2240959794333801,0.07603305395087526,0.07641836770833606,95,1439430,2.238,nan,index
A4_nan_index,encoding,6,43,2024,0,5,0.2185568567803828,0.07505888727970855,0.0760047643651913,95,1439430,2.238,nan,index
A4_nan_index,encoding,7,42,2024,1,1,0.014189336114166331,0.03156574831078549,0.022031836889558065,95,1439430,2.238,nan,index
A4_nan_index,encoding,7,43,2024,1,1,0.014745038633982523,0.031205187535100286,0.022127656270949547,95,1439430,2.238,nan,index
A4_nan_index,encoding,8,42,2024,2,1,0.0010384215991692627,0.0021713760905266825,0.0003343965565992542,95,1439430,2.238,nan,index
A4_nan_index,encoding,8,43,2024,2,1,0.001218026796589525,0.0017141640701549112,0.00026274270846870606,95,1439430,2.238,nan,index
C1_scale_full_only,scales,0,42,42,0,1,0.0002577984016499098,0.010324842555239154,0.00557133000694585,35,441528,1.753,nan,index
C1_scale_full_only,scales,0,43,42,0,1,0.00027925160569673273,0.009820741654988245,0.004872065752086105,35,441528,1.753,nan,index
C1_scale_full_only,scales,1,42,42,1,3,0.7825311788943132,0.04789441693885844,0.04679153670214463,35,441528,1.753,nan,index
C1_scale_full_only,scales,1,43,42,1,3,0.7936595649728092,0.04796909255039362,0.046749572355703456,35,441528,1.753,nan,index
C1_scale_full_only,scales,2,42,42,2,5,0.09309389104872481,0.058135960647419195,0.057076128370146494,35,441528,1.753,nan,index
C1_scale_full_only,scales,2,43,42,2,5,0.09401916377736158,0.058524936657592806,0.057351797640092024,35,441528,1.753,nan,index
C1_scale_full_only,scales,3,42,7,0,2,0.2805018029449306,0.013400082866052624,0.0094550077586486,35,441528,1.753,nan,index
C1_scale_full_only,scales,3,43,7,0,2,0.22693439766121765,0.013900370729256291,0.010182385055658676,35,441528,1.753,nan,index
C1_scale_full_only,scales,4,42,7,1,1,0.11775532054525023,0.013038743682222884,0.012078186872697539,35,441528,1.753,nan,index
C1_scale_full_only,scales,4,43,7,1,1,0.13093038139578622,0.013266606710968055,0.012167579627279055,35,441528,1.753,nan,index
C1_scale_full_only,scales,5,42,7,2,3,0.5369438112647865,0.03504262642294227,0.03558346095854628,35,441528,1.753,nan,index
C1_scale_full_only,scales,5,43,7,2,3,0.5292636359578613,0.034729550927360076,0.0356847460605365,35,441528,1.753,nan,index
C1_scale_full_only,scales,6,42,2024,0,5,0.19034389846492814,0.0825263143963754,0.08015566896451329,35,441528,1.753,nan,index
C1_scale_full_only,scales,6,43,2024,0,5,0.18917742987547384,0.08453917752186839,0.08049345533415497,35,441528,1.753,nan,index
C1_scale_full_only,scales,7,42,2024,1,1,0.009429443640257395,0.02567666599466396,0.017528376749535977,35,441528,1.753,nan,index
C1_scale_full_only,scales,7,43,2024,1,1,0.009790395567157235,0.028183203430055037,0.0186511985468874,35,441528,1.753,nan,index
C1_scale_full_only,scales,8,42,2024,2,1,0.0009389671361502347,0.0010298927640306301,0.00019760527432292153,35,441528,1.753,nan,index
C1_scale_full_only,scales,8,43,2024,2,1,0.0007032348804500703,0.0008165140828067077,0.00017576744732072347,35,441528,1.753,nan,index
C2_scale_full_half,scales,0,42,42,0,1,0.000279876854184159,0.017828373978270935,0.010613081428414956,65,921108,2.271,nan,index
C2_scale_full_half,scales,0,43,42,0,1,0.00025680534155110427,0.01597083214820126,0.009146138800571042,65,921108,2.271,nan,index
C2_scale_full_half,scales,1,42,42,1,3,0.7723060570456696,0.048065214556804195,0.04691184222442954,65,921108,2.271,nan,index
C2_scale_full_half,scales,1,43,42,1,3,0.7976095701543086,0.04822639738882838,0.047024365456227665,65,921108,2.271,nan,index
C2_scale_full_half,scales,2,42,42,2,5,0.10646831559434716,0.058387898259369665,0.057968634004353745,65,921108,2.271,nan,index
C2_scale_full_half,scales,2,43,42,2,5,0.09574531962893607,0.058238032612425834,0.05784362409360076,65,921108,2.271,nan,index
C2_scale_full_half,scales,3,42,7,0,2,0.10174086271082665,0.023297821852148792,0.02211339124419317,65,921108,2.271,nan,index
C2_scale_full_half,scales,3,43,7,0,2,0.1406186383247155,0.02290261052383781,0.021686448019208066,65,921108,2.271,nan,index
C2_scale_full_half,scales,4,42,7,1,1,0.13226550247001642,0.010038702392891865,0.00993445801416257,65,921108,2.271,nan,index
C2_scale_full_half,scales,4,43,7,1,1,0.15287031423042577,0.010579521385551335,0.010233629582517815,65,921108,2.271,nan,index
C2_scale_full_half,scales,5,42,7,2,3,0.533556209167316,0.03913063553235972,0.038127650567454235,65,921108,2.271,nan,index
C2_scale_full_half,scales,5,43,7,2,3,0.5327381411752334,0.03900412850510006,0.03798743537599699,65,921108,2.271,nan,index
C2_scale_full_half,scales,6,42,2024,0,5,0.20816068222037667,0.07581775432046282,0.07933526442229936,65,921108,2.271,nan,index
C2_scale_full_half,scales,6,43,2024,0,5,0.20799061822104753,0.07495475585245376,0.0790706794174142,65,921108,2.271,nan,index
C2_scale_full_half,scales,7,42,2024,1,1,0.009577492593032456,0.029496187758820583,0.020477716267652647,65,921108,2.271,nan,index
C2_scale_full_half,scales,7,43,2024,1,1,0.009656590082254576,0.027650562475348195,0.020020116650930717,65,921108,2.271,nan,index
C2_scale_full_half,scales,8,42,2024,2,1,0.0005299417064122947,0.0011447586430665085,0.00021463840864263106,65,921108,2.271,nan,index
C2_scale_full_half,scales,8,43,2024,2,1,0.0005117707267144319,0.001754606084781216,0.0003189059511346682,65,921108,2.271,nan,index
C3_scale_all_three,scales,0,42,42,0,1,0.00031279324366593683,0.020523326448123522,0.01389372448103325,95,1439430,2.493,nan,index
C3_scale_all_three,scales,0,43,42,0,1,0.000273972602739726,0.019194260584845968,0.013375465202476807,95,1439430,2.493,nan,index
C3_scale_all_three,scales,1,42,42,1,3,0.8054908456891683,0.04826485771278281,0.047059786800534485,95,1439430,2.493,nan,index
C3_scale_all_three,scales,1,43,42,1,3,0.806469380327837,0.04806391359018097,0.04700448960060021,95,1439430,2.493,nan,index
C3_scale_all_three,scales,2,42,42,2,5,0.09284260637395006,0.058439100342124614,0.05769807465292118,95,1439430,2.493,nan,index
C3_scale_all_three,scales,2,43,42,2,5,0.0889209249990486,0.05811767037407164,0.057347557650020135,95,1439430,2.493,nan,index
C3_scale_all_three,scales,3,42,7,0,2,0.1834086799771316,0.023021188410308237,0.02168962845478425,95,1439430,2.493,nan,index
C3_scale_all_three,scales,3,43,7,0,2,0.19009885215672193,0.023694219806496393,0.022224675116598747,95,1439430,2.493,nan,index
C3_scale_all_three,scales,4,42,7,1,1,0.1241741522904877,0.010732216037916676,0.01053919248323679,95,1439430,2.493,nan,index
C3_scale_all_three,scales,4,43,7,1,1,0.13304140109179827,0.010060089246425104,0.010531784283757454,95,1439430,2.493,nan,index
C3_scale_all_three,scales,5,42,7,2,3,0.5401247419064322,0.037629013159580706,0.03697404295339155,95,1439430,2.493,nan,index
C3_scale_all_three,scales,5,43,7,2,3,0.5470173279773802,0.03729020556047988,0.03688639158697833,95,1439430,2.493,nan,index
C3_scale_all_three,scales,6,42,2024,0,5,0.2240959794333801,0.07603305395087526,0.07641836770833606,95,1439430,2.493,nan,index
C3_scale_all_three,scales,6,43,2024,0,5,0.2185568567803828,0.07505888727970855,0.0760047643651913,95,1439430,2.493,nan,index
C3_scale_all_three,scales,7,42,2024,1,1,0.014189336114166331,0.03156574831078549,0.022031836889558065,95,1439430,2.493,nan,index
C3_scale_all_three,scales,7,43,2024,1,1,0.014745038633982523,0.031205187535100286,0.022127656270949547,95,1439430,2.493,nan,index
C3_scale_all_three,scales,8,42,2024,2,1,0.0010384215991692627,0.0021713760905266825,0.0003343965565992542,95,1439430,2.493,nan,index
C3_scale_all_three,scales,8,43,2024,2,1,0.001218026796589525,0.0017141640701549112,0.00026274270846870606,95,1439430,2.493,nan,index
D1_no_presence,presence,0,42,42,0,1,0.0002889338341519792,0.020067851319077852,0.014853592696643598,90,1439430,2.22,nan,index
D1_no_presence,presence,0,43,42,0,1,0.0002942907592701589,0.018852464440956937,0.013456974729981997,90,1439430,2.22,nan,index
D1_no_presence,presence,1,42,42,1,3,0.6369602797404819,0.054176038050006835,0.05171240264658554,90,1439430,2.22,nan,index
D1_no_presence,presence,1,43,42,1,3,0.6511409858465991,0.05365205279467269,0.051123080199214146,90,1439430,2.22,nan,index
D1_no_presence,presence,2,42,42,2,5,0.09828148191282379,0.05827990452628774,0.05764653310640328,90,1439430,2.22,nan,index
D1_no_presence,presence,2,43,42,2,5,0.09419966099955786,0.05848137792263722,0.05789880731046309,90,1439430,2.22,nan,index
D1_no_presence,presence,3,42,7,0,2,0.12215172248103864,0.027481772986206174,0.025623065393199217,90,1439430,2.22,nan,index
D1_no_presence,presence,3,43,7,0,2,0.13120502536671902,0.02751812756760496,0.02540057092649612,90,1439430,2.22,nan,index
D1_no_presence,presence,4,42,7,1,1,0.18555523897599757,0.007441518830818004,0.008215787922004902,90,1439430,2.22,nan,index
D1_no_presence,presence,4,43,7,1,1,0.19417756977018874,0.007301667780028205,0.0083168800330785,90,1439430,2.22,nan,index
D1_no_presence,presence,5,42,7,2,3,0.43557488840445907,0.03089153420912282,0.032438166974559174,90,1439430,2.22,nan,index
D1_no_presence,presence,5,43,7,2,3,0.4328109435433347,0.030853268907535536,0.03195066135521965,90,1439430,2.22,nan,index
D1_no_presence,presence,6,42,2024,0,5,0.21142061836425766,0.07652521956161074,0.0774714351111196,90,1439430,2.22,nan,index
D1_no_presence,presence,6,43,2024,0,5,0.2194003053788165,0.07704695993484495,0.07808523898909052,90,1439430,2.22,nan,index
D1_no_presence,presence,7,42,2024,1,1,0.014458168087736567,0.028089678400310753,0.017299501973922708,90,1439430,2.22,nan,index
D1_no_presence,presence,7,43,2024,1,1,0.016007926392026205,0.023677483359587168,0.015364923591549806,90,1439430,2.22,nan,index
D1_no_presence,presence,8,42,2024,2,1,0.0012285012285012285,0.0012834963519768616,0.00019726437607942409,90,1439430,2.22,nan,index
D1_no_presence,presence,8,43,2024,2,1,0.0011198208286674132,0.0018612909190882415,0.0002318382270894156,90,1439430,2.22,nan,index
D2_with_presence,presence,0,42,42,0,1,0.00031279324366593683,0.020523326448123522,0.01389372448103325,95,1439430,2.298,nan,index
D2_with_presence,presence,0,43,42,0,1,0.000273972602739726,0.019194260584845968,0.013375465202476807,95,1439430,2.298,nan,index
D2_with_presence,presence,1,42,42,1,3,0.8054908456891683,0.04826485771278281,0.047059786800534485,95,1439430,2.298,nan,index
D2_with_presence,presence,1,43,42,1,3,0.806469380327837,0.04806391359018097,0.04700448960060021,95,1439430,2.298,nan,index
D2_with_presence,presence,2,42,42,2,5,0.09284260637395006,0.058439100342124614,0.05769807465292118,95,1439430,2.298,nan,index
D2_with_presence,presence,2,43,42,2,5,0.0889209249990486,0.05811767037407164,0.057347557650020135,95,1439430,2.298,nan,index
D2_with_presence,presence,3,42,7,0,2,0.1834086799771316,0.023021188410308237,0.02168962845478425,95,1439430,2.298,nan,index
D2_with_presence,presence,3,43,7,0,2,0.19009885215672193,0.023694219806496393,0.022224675116598747,95,1439430,2.298,nan,index
D2_with_presence,presence,4,42,7,1,1,0.1241741522904877,0.010732216037916676,0.01053919248323679,95,1439430,2.298,nan,index
D2_with_presence,presence,4,43,7,1,1,0.13304140109179827,0.010060089246425104,0.010531784283757454,95,1439430,2.298,nan,index
D2_with_presence,presence,5,42,7,2,3,0.5401247419064322,0.037629013159580706,0.03697404295339155,95,1439430,2.298,nan,index
D2_with_presence,presence,5,43,7,2,3,0.5470173279773802,0.03729020556047988,0.03688639158697833,95,1439430,2.298,nan,index
D2_with_presence,presence,6,42,2024,0,5,0.2240959794333801,0.07603305395087526,0.07641836770833606,95,1439430,2.298,nan,index
D2_with_presence,presence,6,43,2024,0,5,0.2185568567803828,0.07505888727970855,0.0760047643651913,95,1439430,2.298,nan,index
D2_with_presence,presence,7,42,2024,1,1,0.014189336114166331,0.03156574831078549,0.022031836889558065,95,1439430,2.298,nan,index
D2_with_presence,presence,7,43,2024,1,1,0.014745038633982523,0.031205187535100286,0.022127656270949547,95,1439430,2.298,nan,index
D2_with_presence,presence,8,42,2024,2,1,0.0010384215991692627,0.0021713760905266825,0.0003343965565992542,95,1439430,2.298,nan,index
D2_with_presence,presence,8,43,2024,2,1,0.001218026796589525,0.0017141640701549112,0.00026274270846870606,95,1439430,2.298,nan,index
